Port,Status,Service
1,CLOSED,-
2,CLOSED,-
3,CLOSED,-
4,CLOSED,-
5,CLOSED,-
6,CLOSED,-
7,CLOSED,-
8,CLOSED,-
9,CLOSED,-
10,CLOSED,-
11,CLOSED,-
12,CLOSED,-
13,CLOSED,-
14,CLOSED,-
15,CLOSED,-
16,CLOSED,-
17,CLOSED,-
18,CLOSED,-
19,CLOSED,-
20,CLOSED,-
21,CLOSED,-
22,OPEN,Unknown
23,CLOSED,-
24,CLOSED,-
25,CLOSED,-
26,CLOSED,-
27,CLOSED,-
28,CLOSED,-
29,CLOSED,-
30,CLOSED,-
31,CLOSED,-
32,CLOSED,-
33,CLOSED,-
34,CLOSED,-
35,CLOSED,-
36,CLOSED,-
37,CLOSED,-
38,CLOSED,-
39,CLOSED,-
40,CLOSED,-
41,CLOSED,-
42,CLOSED,-
43,CLOSED,-
44,CLOSED,-
45,CLOSED,-
46,CLOSED,-
47,CLOSED,-
48,CLOSED,-
49,CLOSED,-
50,CLOSED,-
51,CLOSED,-
52,CLOSED,-
53,CLOSED,-
54,CLOSED,-
55,CLOSED,-
56,CLOSED,-
57,CLOSED,-
58,CLOSED,-
59,CLOSED,-
60,CLOSED,-
61,CLOSED,-
62,CLOSED,-
63,CLOSED,-
64,CLOSED,-
65,CLOSED,-
66,CLOSED,-
67,CLOSED,-
68,CLOSED,-
69,CLOSED,-
70,CLOSED,-
71,CLOSED,-
72,CLOSED,-
73,CLOSED,-
74,CLOSED,-
75,CLOSED,-
76,CLOSED,-
77,CLOSED,-
78,CLOSED,-
79,CLOSED,-
80,OPEN,Unknown
81,CLOSED,-
82,CLOSED,-
83,CLOSED,-
84,CLOSED,-
85,CLOSED,-
86,CLOSED,-
87,CLOSED,-
88,CLOSED,-
89,CLOSED,-
90,CLOSED,-
91,CLOSED,-
92,CLOSED,-
93,CLOSED,-
94,CLOSED,-
95,CLOSED,-
96,CLOSED,-
97,CLOSED,-
98,CLOSED,-
99,CLOSED,-
100,CLOSED,-
101,CLOSED,-
102,CLOSED,-
103,CLOSED,-
104,CLOSED,-
105,CLOSED,-
106,CLOSED,-
107,CLOSED,-
108,CLOSED,-
109,CLOSED,-
110,CLOSED,-
111,CLOSED,-
112,CLOSED,-
113,CLOSED,-
114,CLOSED,-
115,CLOSED,-
116,CLOSED,-
117,CLOSED,-
118,CLOSED,-
119,CLOSED,-
120,CLOSED,-
121,CLOSED,-
122,CLOSED,-
123,CLOSED,-
124,CLOSED,-
125,CLOSED,-
126,CLOSED,-
127,CLOSED,-
128,CLOSED,-
129,CLOSED,-
130,CLOSED,-
131,CLOSED,-
132,CLOSED,-
133,CLOSED,-
134,CLOSED,-
135,CLOSED,-
136,CLOSED,-
137,CLOSED,-
138,CLOSED,-
139,CLOSED,-
140,CLOSED,-
141,CLOSED,-
142,CLOSED,-
143,CLOSED,-
144,CLOSED,-
145,CLOSED,-
146,CLOSED,-
147,CLOSED,-
148,CLOSED,-
149,CLOSED,-
150,CLOSED,-
151,CLOSED,-
152,CLOSED,-
153,CLOSED,-
154,CLOSED,-
155,CLOSED,-
156,CLOSED,-
157,CLOSED,-
158,CLOSED,-
159,CLOSED,-
160,CLOSED,-
161,CLOSED,-
162,CLOSED,-
163,CLOSED,-
164,CLOSED,-
165,CLOSED,-
166,CLOSED,-
167,CLOSED,-
168,CLOSED,-
169,CLOSED,-
170,CLOSED,-
171,CLOSED,-
172,CLOSED,-
173,CLOSED,-
174,CLOSED,-
175,CLOSED,-
176,CLOSED,-
177,CLOSED,-
178,CLOSED,-
179,CLOSED,-
180,CLOSED,-
181,CLOSED,-
182,CLOSED,-
183,CLOSED,-
184,CLOSED,-
185,CLOSED,-
186,CLOSED,-
187,CLOSED,-
188,CLOSED,-
189,CLOSED,-
190,CLOSED,-
191,CLOSED,-
192,CLOSED,-
193,CLOSED,-
194,CLOSED,-
195,CLOSED,-
196,CLOSED,-
197,CLOSED,-
198,CLOSED,-
199,CLOSED,-
200,CLOSED,-
201,CLOSED,-
202,CLOSED,-
203,CLOSED,-
204,CLOSED,-
205,CLOSED,-
206,CLOSED,-
207,CLOSED,-
208,CLOSED,-
209,CLOSED,-
210,CLOSED,-
211,CLOSED,-
212,CLOSED,-
213,CLOSED,-
214,CLOSED,-
215,CLOSED,-
216,CLOSED,-
217,CLOSED,-
218,CLOSED,-
219,CLOSED,-
220,CLOSED,-
221,CLOSED,-
222,CLOSED,-
223,CLOSED,-
224,CLOSED,-
225,CLOSED,-
226,CLOSED,-
227,CLOSED,-
228,CLOSED,-
229,CLOSED,-
230,CLOSED,-
231,CLOSED,-
232,CLOSED,-
233,CLOSED,-
234,CLOSED,-
235,CLOSED,-
236,CLOSED,-
237,CLOSED,-
238,CLOSED,-
239,CLOSED,-
240,CLOSED,-
241,CLOSED,-
242,CLOSED,-
243,CLOSED,-
244,CLOSED,-
245,CLOSED,-
246,CLOSED,-
247,CLOSED,-
248,CLOSED,-
249,CLOSED,-
250,CLOSED,-
251,CLOSED,-
252,CLOSED,-
253,CLOSED,-
254,CLOSED,-
255,CLOSED,-
256,CLOSED,-
257,CLOSED,-
258,CLOSED,-
259,CLOSED,-
260,CLOSED,-
261,CLOSED,-
262,CLOSED,-
263,CLOSED,-
264,CLOSED,-
265,CLOSED,-
266,CLOSED,-
267,CLOSED,-
268,CLOSED,-
269,CLOSED,-
270,CLOSED,-
271,CLOSED,-
272,CLOSED,-
273,CLOSED,-
274,CLOSED,-
275,CLOSED,-
276,CLOSED,-
277,CLOSED,-
278,CLOSED,-
279,CLOSED,-
280,CLOSED,-
281,CLOSED,-
282,CLOSED,-
283,CLOSED,-
284,CLOSED,-
285,CLOSED,-
286,CLOSED,-
287,CLOSED,-
288,CLOSED,-
289,CLOSED,-
290,CLOSED,-
291,CLOSED,-
292,CLOSED,-
293,CLOSED,-
294,CLOSED,-
295,CLOSED,-
296,CLOSED,-
297,CLOSED,-
298,CLOSED,-
299,CLOSED,-
300,CLOSED,-
301,CLOSED,-
302,CLOSED,-
303,CLOSED,-
304,CLOSED,-
305,CLOSED,-
306,CLOSED,-
307,CLOSED,-
308,CLOSED,-
309,CLOSED,-
310,CLOSED,-
311,CLOSED,-
312,CLOSED,-
313,CLOSED,-
314,CLOSED,-
315,CLOSED,-
316,CLOSED,-
317,CLOSED,-
318,CLOSED,-
319,CLOSED,-
320,CLOSED,-
321,CLOSED,-
322,CLOSED,-
323,CLOSED,-
324,CLOSED,-
325,CLOSED,-
326,CLOSED,-
327,CLOSED,-
328,CLOSED,-
329,CLOSED,-
330,CLOSED,-
331,CLOSED,-
332,CLOSED,-
333,CLOSED,-
334,CLOSED,-
335,CLOSED,-
336,CLOSED,-
337,CLOSED,-
338,CLOSED,-
339,CLOSED,-
340,CLOSED,-
341,CLOSED,-
342,CLOSED,-
343,CLOSED,-
344,CLOSED,-
345,CLOSED,-
346,CLOSED,-
347,CLOSED,-
348,CLOSED,-
349,CLOSED,-
350,CLOSED,-
351,CLOSED,-
352,CLOSED,-
353,CLOSED,-
354,CLOSED,-
355,CLOSED,-
356,CLOSED,-
357,CLOSED,-
358,CLOSED,-
359,CLOSED,-
360,CLOSED,-
361,CLOSED,-
362,CLOSED,-
363,CLOSED,-
364,CLOSED,-
365,CLOSED,-
366,CLOSED,-
367,CLOSED,-
368,CLOSED,-
369,CLOSED,-
370,CLOSED,-
371,CLOSED,-
372,CLOSED,-
373,CLOSED,-
374,CLOSED,-
375,CLOSED,-
376,CLOSED,-
377,CLOSED,-
378,CLOSED,-
379,CLOSED,-
380,CLOSED,-
381,CLOSED,-
382,CLOSED,-
383,CLOSED,-
384,CLOSED,-
385,CLOSED,-
386,CLOSED,-
387,CLOSED,-
388,CLOSED,-
389,CLOSED,-
390,CLOSED,-
391,CLOSED,-
392,CLOSED,-
393,CLOSED,-
394,CLOSED,-
395,CLOSED,-
396,CLOSED,-
397,CLOSED,-
398,CLOSED,-
399,CLOSED,-
400,CLOSED,-
401,CLOSED,-
402,CLOSED,-
403,CLOSED,-
404,CLOSED,-
405,CLOSED,-
406,CLOSED,-
407,CLOSED,-
408,CLOSED,-
409,CLOSED,-
410,CLOSED,-
411,CLOSED,-
412,CLOSED,-
413,CLOSED,-
414,CLOSED,-
415,CLOSED,-
416,CLOSED,-
417,CLOSED,-
418,CLOSED,-
419,CLOSED,-
420,CLOSED,-
421,CLOSED,-
422,CLOSED,-
423,CLOSED,-
424,CLOSED,-
425,CLOSED,-
426,CLOSED,-
427,CLOSED,-
428,CLOSED,-
429,CLOSED,-
430,CLOSED,-
431,CLOSED,-
432,CLOSED,-
433,CLOSED,-
434,CLOSED,-
435,CLOSED,-
436,CLOSED,-
437,CLOSED,-
438,CLOSED,-
439,CLOSED,-
440,CLOSED,-
441,CLOSED,-
442,CLOSED,-
443,CLOSED,-
444,CLOSED,-
445,CLOSED,-
446,CLOSED,-
447,CLOSED,-
448,CLOSED,-
449,CLOSED,-
450,CLOSED,-
451,CLOSED,-
452,CLOSED,-
453,CLOSED,-
454,CLOSED,-
455,CLOSED,-
456,CLOSED,-
457,CLOSED,-
458,CLOSED,-
459,CLOSED,-
460,CLOSED,-
461,CLOSED,-
462,CLOSED,-
463,CLOSED,-
464,CLOSED,-
465,CLOSED,-
466,CLOSED,-
467,CLOSED,-
468,CLOSED,-
469,CLOSED,-
470,CLOSED,-
471,CLOSED,-
472,CLOSED,-
473,CLOSED,-
474,CLOSED,-
475,CLOSED,-
476,CLOSED,-
477,CLOSED,-
478,CLOSED,-
479,CLOSED,-
480,CLOSED,-
481,CLOSED,-
482,CLOSED,-
483,CLOSED,-
484,CLOSED,-
485,CLOSED,-
486,CLOSED,-
487,CLOSED,-
488,CLOSED,-
489,CLOSED,-
490,CLOSED,-
491,CLOSED,-
492,CLOSED,-
493,CLOSED,-
494,CLOSED,-
495,CLOSED,-
496,CLOSED,-
497,CLOSED,-
498,CLOSED,-
499,CLOSED,-
500,CLOSED,-
501,CLOSED,-
502,CLOSED,-
503,CLOSED,-
504,CLOSED,-
505,CLOSED,-
506,CLOSED,-
507,CLOSED,-
508,CLOSED,-
509,CLOSED,-
510,CLOSED,-
511,CLOSED,-
512,CLOSED,-
513,CLOSED,-
514,CLOSED,-
515,CLOSED,-
516,CLOSED,-
517,CLOSED,-
518,CLOSED,-
519,CLOSED,-
520,CLOSED,-
521,CLOSED,-
522,CLOSED,-
523,CLOSED,-
524,CLOSED,-
525,CLOSED,-
526,CLOSED,-
527,CLOSED,-
528,CLOSED,-
529,CLOSED,-
530,CLOSED,-
531,CLOSED,-
532,CLOSED,-
533,CLOSED,-
534,CLOSED,-
535,CLOSED,-
536,CLOSED,-
537,CLOSED,-
538,CLOSED,-
539,CLOSED,-
540,CLOSED,-
541,CLOSED,-
542,CLOSED,-
543,CLOSED,-
544,CLOSED,-
545,CLOSED,-
546,CLOSED,-
547,CLOSED,-
548,CLOSED,-
549,CLOSED,-
550,CLOSED,-
551,CLOSED,-
552,CLOSED,-
553,CLOSED,-
554,CLOSED,-
555,CLOSED,-
556,CLOSED,-
557,CLOSED,-
558,CLOSED,-
559,CLOSED,-
560,CLOSED,-
561,CLOSED,-
562,CLOSED,-
563,CLOSED,-
564,CLOSED,-
565,CLOSED,-
566,CLOSED,-
567,CLOSED,-
568,CLOSED,-
569,CLOSED,-
570,CLOSED,-
571,CLOSED,-
572,CLOSED,-
573,CLOSED,-
574,CLOSED,-
575,CLOSED,-
576,CLOSED,-
577,CLOSED,-
578,CLOSED,-
579,CLOSED,-
580,CLOSED,-
581,CLOSED,-
582,CLOSED,-
583,CLOSED,-
584,CLOSED,-
585,CLOSED,-
586,CLOSED,-
587,CLOSED,-
588,CLOSED,-
589,CLOSED,-
590,CLOSED,-
591,CLOSED,-
592,CLOSED,-
593,CLOSED,-
594,CLOSED,-
595,CLOSED,-
596,CLOSED,-
597,CLOSED,-
598,CLOSED,-
599,CLOSED,-
600,CLOSED,-
601,CLOSED,-
602,CLOSED,-
603,CLOSED,-
604,CLOSED,-
605,CLOSED,-
606,CLOSED,-
607,CLOSED,-
608,CLOSED,-
609,CLOSED,-
610,CLOSED,-
611,CLOSED,-
612,CLOSED,-
613,CLOSED,-
614,CLOSED,-
615,CLOSED,-
616,CLOSED,-
617,CLOSED,-
618,CLOSED,-
619,CLOSED,-
620,CLOSED,-
621,CLOSED,-
622,CLOSED,-
623,CLOSED,-
624,CLOSED,-
625,CLOSED,-
626,CLOSED,-
627,CLOSED,-
628,CLOSED,-
629,CLOSED,-
630,CLOSED,-
631,CLOSED,-
632,CLOSED,-
633,CLOSED,-
634,CLOSED,-
635,CLOSED,-
636,CLOSED,-
637,CLOSED,-
638,CLOSED,-
639,CLOSED,-
640,CLOSED,-
641,CLOSED,-
642,CLOSED,-
643,CLOSED,-
644,CLOSED,-
645,CLOSED,-
646,CLOSED,-
647,CLOSED,-
648,CLOSED,-
649,CLOSED,-
650,CLOSED,-
651,CLOSED,-
652,CLOSED,-
653,CLOSED,-
654,CLOSED,-
655,CLOSED,-
656,CLOSED,-
657,CLOSED,-
658,CLOSED,-
659,CLOSED,-
660,CLOSED,-
661,CLOSED,-
662,CLOSED,-
663,CLOSED,-
664,CLOSED,-
665,CLOSED,-
666,CLOSED,-
667,CLOSED,-
668,CLOSED,-
669,CLOSED,-
670,CLOSED,-
671,CLOSED,-
672,CLOSED,-
673,CLOSED,-
674,CLOSED,-
675,CLOSED,-
676,CLOSED,-
677,CLOSED,-
678,CLOSED,-
679,CLOSED,-
680,CLOSED,-
681,CLOSED,-
682,CLOSED,-
683,CLOSED,-
684,CLOSED,-
685,CLOSED,-
686,CLOSED,-
687,CLOSED,-
688,CLOSED,-
689,CLOSED,-
690,CLOSED,-
691,CLOSED,-
692,CLOSED,-
693,CLOSED,-
694,CLOSED,-
695,CLOSED,-
696,CLOSED,-
697,CLOSED,-
698,CLOSED,-
699,CLOSED,-
700,CLOSED,-
701,CLOSED,-
702,CLOSED,-
703,CLOSED,-
704,CLOSED,-
705,CLOSED,-
706,CLOSED,-
707,CLOSED,-
708,CLOSED,-
709,CLOSED,-
710,CLOSED,-
711,CLOSED,-
712,CLOSED,-
713,CLOSED,-
714,CLOSED,-
715,CLOSED,-
716,CLOSED,-
717,CLOSED,-
718,CLOSED,-
719,CLOSED,-
720,CLOSED,-
721,CLOSED,-
722,CLOSED,-
723,CLOSED,-
724,CLOSED,-
725,CLOSED,-
726,CLOSED,-
727,CLOSED,-
728,CLOSED,-
729,CLOSED,-
730,CLOSED,-
731,CLOSED,-
732,CLOSED,-
733,CLOSED,-
734,CLOSED,-
735,CLOSED,-
736,CLOSED,-
737,CLOSED,-
738,CLOSED,-
739,CLOSED,-
740,CLOSED,-
741,CLOSED,-
742,CLOSED,-
743,CLOSED,-
744,CLOSED,-
745,CLOSED,-
746,CLOSED,-
747,CLOSED,-
748,CLOSED,-
749,CLOSED,-
750,CLOSED,-
751,CLOSED,-
752,CLOSED,-
753,CLOSED,-
754,CLOSED,-
755,CLOSED,-
756,CLOSED,-
757,CLOSED,-
758,CLOSED,-
759,CLOSED,-
760,CLOSED,-
761,CLOSED,-
762,CLOSED,-
763,CLOSED,-
764,CLOSED,-
765,CLOSED,-
766,CLOSED,-
767,CLOSED,-
768,CLOSED,-
769,CLOSED,-
770,CLOSED,-
771,CLOSED,-
772,CLOSED,-
773,CLOSED,-
774,CLOSED,-
775,CLOSED,-
776,CLOSED,-
777,CLOSED,-
778,CLOSED,-
779,CLOSED,-
780,CLOSED,-
781,CLOSED,-
782,CLOSED,-
783,CLOSED,-
784,CLOSED,-
785,CLOSED,-
786,CLOSED,-
787,CLOSED,-
788,CLOSED,-
789,CLOSED,-
790,CLOSED,-
791,CLOSED,-
792,CLOSED,-
793,CLOSED,-
794,CLOSED,-
795,CLOSED,-
796,CLOSED,-
797,CLOSED,-
798,CLOSED,-
799,CLOSED,-
800,CLOSED,-
801,CLOSED,-
802,CLOSED,-
803,CLOSED,-
804,CLOSED,-
805,CLOSED,-
806,CLOSED,-
807,CLOSED,-
808,CLOSED,-
809,CLOSED,-
810,CLOSED,-
811,CLOSED,-
812,CLOSED,-
813,CLOSED,-
814,CLOSED,-
815,CLOSED,-
816,CLOSED,-
817,CLOSED,-
818,CLOSED,-
819,CLOSED,-
820,CLOSED,-
821,CLOSED,-
822,CLOSED,-
823,CLOSED,-
824,CLOSED,-
825,CLOSED,-
826,CLOSED,-
827,CLOSED,-
828,CLOSED,-
829,CLOSED,-
830,CLOSED,-
831,CLOSED,-
832,CLOSED,-
833,CLOSED,-
834,CLOSED,-
835,CLOSED,-
836,CLOSED,-
837,CLOSED,-
838,CLOSED,-
839,CLOSED,-
840,CLOSED,-
841,CLOSED,-
842,CLOSED,-
843,CLOSED,-
844,CLOSED,-
845,CLOSED,-
846,CLOSED,-
847,CLOSED,-
848,CLOSED,-
849,CLOSED,-
850,CLOSED,-
851,CLOSED,-
852,CLOSED,-
853,CLOSED,-
854,CLOSED,-
855,CLOSED,-
856,CLOSED,-
857,CLOSED,-
858,CLOSED,-
859,CLOSED,-
860,CLOSED,-
861,CLOSED,-
862,CLOSED,-
863,CLOSED,-
864,CLOSED,-
865,CLOSED,-
866,CLOSED,-
867,CLOSED,-
868,CLOSED,-
869,CLOSED,-
870,CLOSED,-
871,CLOSED,-
872,CLOSED,-
873,CLOSED,-
874,CLOSED,-
875,CLOSED,-
876,CLOSED,-
877,CLOSED,-
878,CLOSED,-
879,CLOSED,-
880,CLOSED,-
881,CLOSED,-
882,CLOSED,-
883,CLOSED,-
884,CLOSED,-
885,CLOSED,-
886,CLOSED,-
887,CLOSED,-
888,CLOSED,-
889,CLOSED,-
890,CLOSED,-
891,CLOSED,-
892,CLOSED,-
893,CLOSED,-
894,CLOSED,-
895,CLOSED,-
896,CLOSED,-
897,CLOSED,-
898,CLOSED,-
899,CLOSED,-
900,CLOSED,-
901,CLOSED,-
902,CLOSED,-
903,CLOSED,-
904,CLOSED,-
905,CLOSED,-
906,CLOSED,-
907,CLOSED,-
908,CLOSED,-
909,CLOSED,-
910,CLOSED,-
911,CLOSED,-
912,CLOSED,-
913,CLOSED,-
914,CLOSED,-
915,CLOSED,-
916,CLOSED,-
917,CLOSED,-
918,CLOSED,-
919,CLOSED,-
920,CLOSED,-
921,CLOSED,-
922,CLOSED,-
923,CLOSED,-
924,CLOSED,-
925,CLOSED,-
926,CLOSED,-
927,CLOSED,-
928,CLOSED,-
929,CLOSED,-
930,CLOSED,-
931,CLOSED,-
932,CLOSED,-
933,CLOSED,-
934,CLOSED,-
935,CLOSED,-
936,CLOSED,-
937,CLOSED,-
938,CLOSED,-
939,CLOSED,-
940,CLOSED,-
941,CLOSED,-
942,CLOSED,-
943,CLOSED,-
944,CLOSED,-
945,CLOSED,-
946,CLOSED,-
947,CLOSED,-
948,CLOSED,-
949,CLOSED,-
950,CLOSED,-
951,CLOSED,-
952,CLOSED,-
953,CLOSED,-
954,CLOSED,-
955,CLOSED,-
956,CLOSED,-
957,CLOSED,-
958,CLOSED,-
959,CLOSED,-
960,CLOSED,-
961,CLOSED,-
962,CLOSED,-
963,CLOSED,-
964,CLOSED,-
965,CLOSED,-
966,CLOSED,-
967,CLOSED,-
968,CLOSED,-
969,CLOSED,-
970,CLOSED,-
971,CLOSED,-
972,CLOSED,-
973,CLOSED,-
974,CLOSED,-
975,CLOSED,-
976,CLOSED,-
977,CLOSED,-
978,CLOSED,-
979,CLOSED,-
980,CLOSED,-
981,CLOSED,-
982,CLOSED,-
983,CLOSED,-
984,CLOSED,-
985,CLOSED,-
986,CLOSED,-
987,CLOSED,-
988,CLOSED,-
989,CLOSED,-
990,CLOSED,-
991,CLOSED,-
992,CLOSED,-
993,CLOSED,-
994,CLOSED,-
995,CLOSED,-
996,CLOSED,-
997,CLOSED,-
998,CLOSED,-
999,CLOSED,-
1000,CLOSED,-
1001,CLOSED,-
1002,CLOSED,-
1003,CLOSED,-
1004,CLOSED,-
1005,CLOSED,-
1006,CLOSED,-
1007,CLOSED,-
1008,CLOSED,-
1009,CLOSED,-
1010,CLOSED,-
1011,CLOSED,-
1012,CLOSED,-
1013,CLOSED,-
1014,CLOSED,-
1015,CLOSED,-
1016,CLOSED,-
1017,CLOSED,-
1018,CLOSED,-
1019,CLOSED,-
1020,CLOSED,-
1021,CLOSED,-
1022,CLOSED,-
1023,CLOSED,-
1024,CLOSED,-
